10,J3 J14 J18 J25-26,WM7842-ND
8,F1-4,507-1803-1-ND
2,J4,SAM10844-ND
2,J17,SAM10852-ND
2,J13,SAM10358-ND
2,J31,S9189-ND
20,D9-10 D14-18 D20-21 D23,1N4148WS-FDICT-ND
6,Q1-3,2N7002NTR-ND
4,J5 J7,WM5463-ND
8,K1-4,255-1854-ND
2,U4,785-1644-1-ND
6,D19 D22 D24,B360A-FDICT-ND
16,D25-32,BAT54T1GOSCT-ND
8,D1 D6-8,BAV99-FDICT-ND
100,C1 C4 C10-13 C15 C17-19 C22-24 C29 C33-34 C38-39 C48 C50-51 C55 C59,490-10697-1-ND
25,C20 C37 C46 C52 C58,490-6169-1-ND
25,C2-3 C5 C14 C21 C32,490-10024-1-ND
25,C6-9,490-3285-1-ND
25,C35 C43-45 C47 C53-54 C56-57,445-7660-1-ND
25,C16 C25 C27 C30 C36,490-5961-1-ND
25,C26 C28 C31,490-5528-1-ND
2,C42,493-11876-1-ND
2,C41,P12348-ND
25,D2-5,F2260CT-ND
8,Q6 Q10 Q14 Q18,DMN601DMKDICT-ND
16,Q4 Q7-8 Q11-12 Q15-16 Q19,DXT2012P5-13TR-ND
6,SW1-3,450-1140-ND
2,U10,296-12602-1-ND
8,Q5 Q9 Q13 Q17,IRF7509CT-ND
2,U5,ISL83490IBZ-ND
6,D11-13,754-1121-1-ND
10,U2-3 U7 U12 U14,296-9545-1-ND
2,U9,576-4864-1-ND
2,U11,NCP303LSN27T1GOSCT-ND
2,L2,587-3448-1-ND
2,U13,568-12309-1-ND
40,J1-2 J6 J8-12 J15-16 J19-24 J27-30,CP-002AHPJCT-ND
2,U6,PS2801-1ACT-ND
100,R43 R59 R72 R81,P100KLCT-ND
100,R88,P100LCT-ND
200,R2 R5-7 R11 R15 R20-21 R23 R25-28 R30 R32-35 R40 R42 R45 R49 R53 R56-57 R61 R70 R73 R76 R83 R86 R90 R94-99 R101-104 R107-108 R110-114 R116-120 R123-124 R126-127 R129-135 R137-138,P10.0KLCT-ND
100,R39 R46 R67 R74,P10.0LCT-ND
100,R50-52,P120JCT-ND
100,R1 R3 R9 R13 R17 R24 R29 R31 R36-38 R44 R60 R71 R77 R82 R89,P1.00KLCT-ND
100,R80,P200KLCT-ND
100,R92-93 R106 R109 R122 R125 R139-140,P2.00KLCT-ND
100,R41 R47 R69 R75,P4.22KLCT-ND
100,R48,P40.2KLCT-ND
100,R58,P402KLCT-ND
100,R55,P59.0KLCT-ND
100,R78,P6.98KLCT-ND
100,R64 R66,P68.1LCT-ND
100,R79,P910KLCT-ND
2,C40,478-10014-ND
2,L1,SRR1210-100MCT-ND
